Image_filename,Label
1.jpg,1
2.jpg,2
3.jpg,1
4.jpg,0
5.jpg,0
6.jpg,0
7.jpg,0
8.jpg,1
9.jpg,1
10.jpg,0
11.jpg,2
12.jpg,1
13.jpg,1
14.jpg,0
15.jpg,0
16.jpg,0
17.jpg,0
18.jpg,1
19.jpg,1
20.jpg,0
21.jpg,1
22.jpg,0
23.jpg,2
24.jpg,1
25.jpg,0
26.jpg,0
27.jpg,1
28.jpg,0
29.jpg,0
30.jpg,1
31.jpg,1
32.jpg,0
33.jpg,2
34.jpg,1
35.jpg,0
36.jpg,0
37.jpg,1
38.jpg,0
39.jpg,0
40.jpg,1
41.jpg,0
42.jpg,1
43.jpg,1
44.jpg,2
45.jpg,0
46.jpg,0
47.jpg,1
48.jpg,1
49.jpg,0
50.jpg,0
52.jpg,1
53.jpg,0
54.jpg,2
55.jpg,0
56.jpg,0
57.jpg,0
58.jpg,0
59.jpg,0
60.jpg,1
61.jpg,1
62.jpg,1
63.jpg,1
64.jpg,0
65.jpg,0
66.jpg,1
67.jpg,1
68.jpg,0
69.jpg,0
70.jpg,1
71.jpg,0
72.jpg,2
73.jpg,1
74.jpg,0
75.jpg,0
76.jpg,1
77.jpg,1
78.jpg,0
79.jpg,0
80.jpg,1
81.jpg,0
82.jpg,2
83.jpg,1
84.jpg,0
85.jpg,0
86.jpg,1
87.jpg,0
88.jpg,0
89.jpg,1
90.jpg,1
91.jpg,2
92.jpg,0
93.jpg,0
94.jpg,1
95.jpg,0
96.jpg,0
97.jpg,0
98.jpg,1
99.jpg,1
100.jpg,2
101.jpg,0
102.jpg,2
103.jpg,1
104.jpg,0
106.jpg,0
107.jpg,0
108.jpg,1
109.jpg,1
110.jpg,2
111.jpg,0
112.jpg,0
114.jpg,0
115.jpg,1
117.jpg,1
118.jpg,0
119.jpg,2
120.jpg,0
121.jpg,1
122.jpg,1
123.jpg,0
125.jpg,1
126.jpg,0
127.jpg,1
128.jpg,2
129.jpg,0
130.jpg,1
131.jpg,1
133.jpg,0
134.jpg,0
135.jpg,1
136.jpg,1
137.jpg,1
138.jpg,1
139.jpg,0
140.jpg,0
141.jpg,2
143.jpg,0
144.jpg,1
145.jpg,1
146.jpg,1
147.jpg,2
148.jpg,0
150.jpg,1
151.jpg,1
152.jpg,0
153.jpg,0
155.jpg,2
156.jpg,1
157.jpg,0
158.jpg,2
159.jpg,0
160.jpg,0
161.jpg,0
162.jpg,1
164.jpg,0
165.jpg,0
166.jpg,0
167.jpg,1
168.jpg,2
170.jpg,1
171.jpg,0
174.jpg,0
175.jpg,1
176.jpg,1
177.jpg,2
179.jpg,0
180.jpg,1
181.jpg,0
182.jpg,1
183.jpg,0
184.jpg,0
185.jpg,2
186.jpg,0
187.jpg,1
189.jpg,1
190.jpg,0
191.jpg,1
192.jpg,0
193.jpg,0
194.jpg,1
195.jpg,1
196.jpg,1
197.jpg,0
199.jpg,0
200.jpg,0
201.jpg,0
203.jpg,1
204.jpg,1
205.jpg,0
206.jpg,1
207.jpg,0
208.jpg,1
209.jpg,2
210.jpg,0
211.jpg,0
212.jpg,0
213.jpg,1
214.jpg,1
215.jpg,0
216.jpg,1
217.jpg,1
218.jpg,0
219.jpg,1
220.jpg,0
221.jpg,1
222.jpg,0
223.jpg,1
224.jpg,2
226.jpg,0
227.jpg,1
228.jpg,1
229.jpg,0
230.jpg,1
231.jpg,0
232.jpg,2
233.jpg,1
234.jpg,0
235.jpg,1
236.jpg,1
237.jpg,0
238.jpg,2
239.jpg,1
241.jpg,0
242.jpg,2
243.jpg,0
244.jpg,1
246.jpg,1
247.jpg,0
249.jpg,1
250.jpg,0
251.jpg,1
252.jpg,0
253.jpg,1
254.jpg,2
255.jpg,1
256.jpg,1
257.jpg,0
258.jpg,0
259.jpg,0
260.jpg,1
261.jpg,1
262.jpg,0
263.jpg,1
264.jpg,1
265.jpg,0
266.jpg,0
267.jpg,2
268.jpg,0
269.jpg,0
270.jpg,1
271.jpg,0
272.jpg,0
273.jpg,0
275.jpg,1
276.jpg,1
277.jpg,2
278.jpg,0
279.jpg,0
280.jpg,1
281.jpg,0
283.jpg,1
284.jpg,0
285.jpg,0
286.jpg,1
287.jpg,2
288.jpg,0
289.jpg,1
290.jpg,0
291.jpg,1
293.jpg,0
294.jpg,1
295.jpg,0
296.jpg,0
297.jpg,1
298.jpg,2
299.jpg,0
300.jpg,0
301.jpg,1
302.jpg,0
303.jpg,1
304.jpg,1
305.jpg,0
306.jpg,2
307.jpg,0
308.jpg,1
309.jpg,0
310.jpg,1
311.jpg,2
312.jpg,0
313.jpg,1
314.jpg,0
315.jpg,0
316.jpg,2
317.jpg,1
318.jpg,1
319.jpg,0
320.jpg,1
321.jpg,0
322.jpg,0
323.jpg,2
324.jpg,0
325.jpg,1
326.jpg,1
328.jpg,0
329.jpg,1
330.jpg,0
331.jpg,1
332.jpg,0
333.jpg,0
334.jpg,1
335.jpg,2
336.jpg,0
337.jpg,1
338.jpg,0
339.jpg,1
340.jpg,0
341.jpg,0
342.jpg,0
343.jpg,1
344.jpg,1
345.jpg,2
347.jpg,0
348.jpg,1
349.jpg,0
350.jpg,0
351.jpg,0
352.jpg,0
353.jpg,1
354.jpg,2
355.jpg,1
356.jpg,0
358.jpg,0
359.jpg,0
360.jpg,1
361.jpg,2
362.jpg,0
363.jpg,1
364.jpg,1
365.jpg,0
366.jpg,1
368.jpg,0
369.jpg,2
370.jpg,0
371.jpg,0
372.jpg,1
373.jpg,1
374.jpg,0
375.jpg,1
377.jpg,0
378.jpg,2
379.jpg,1
380.jpg,0
381.jpg,0
382.jpg,1
383.jpg,0
384.jpg,1
385.jpg,0
386.jpg,0
387.jpg,0
388.jpg,0
389.jpg,1
390.jpg,2
391.jpg,1
392.jpg,1
394.jpg,0
395.jpg,0
396.jpg,1
397.jpg,0
398.jpg,1
399.jpg,2
400.jpg,1
401.jpg,1
402.jpg,0
403.jpg,1
404.jpg,2
405.jpg,0
406.jpg,0
407.jpg,1
408.jpg,1
409.jpg,1
410.jpg,0
411.jpg,0
412.jpg,1
413.jpg,0
414.jpg,2
415.jpg,1
416.jpg,1
417.jpg,0
418.jpg,1
419.jpg,0
420.jpg,0
421.jpg,2
422.jpg,1
423.jpg,1
424.jpg,1
425.jpg,0
426.jpg,0
427.jpg,1
428.jpg,0
429.jpg,1
430.jpg,0
431.jpg,2
432.jpg,1
433.jpg,0
434.jpg,0
435.jpg,0
436.jpg,1
437.jpg,1
438.jpg,0
439.jpg,0
440.jpg,2
441.jpg,1
442.jpg,0
443.jpg,0
444.jpg,0
445.jpg,1
446.jpg,1
447.jpg,0
448.jpg,0
449.jpg,1
450.jpg,0
451.jpg,0
452.jpg,0
453.jpg,0
454.jpg,1
455.jpg,2
456.jpg,1
457.jpg,0
458.jpg,0
459.jpg,1
460.jpg,0
461.jpg,0
462.jpg,0
463.jpg,0
464.jpg,2
465.jpg,1
466.jpg,1
467.jpg,1
470.jpg,0
471.jpg,0
472.jpg,1
473.jpg,0
474.jpg,2
475.jpg,0
476.jpg,1
477.jpg,1
479.jpg,0
480.jpg,0
481.jpg,1
482.jpg,0
483.jpg,1
484.jpg,0
485.jpg,2
486.jpg,1
488.jpg,0
489.jpg,0
490.jpg,0
491.jpg,1
492.jpg,0
493.jpg,1
494.jpg,0
495.jpg,0
496.jpg,0
497.jpg,2
500.jpg,1
501.jpg,0
502.jpg,1
503.jpg,0
504.jpg,0
505.jpg,0
507.jpg,1
508.jpg,2
509.jpg,0
511.jpg,1
512.jpg,1
513.jpg,0
514.jpg,0
515.jpg,1
516.jpg,0
518.jpg,2
519.jpg,0
520.jpg,0
521.jpg,1
522.jpg,1
523.jpg,0
524.jpg,0
525.jpg,1
526.jpg,2
527.jpg,1
529.jpg,0
530.jpg,0
531.jpg,1
532.jpg,1
533.jpg,0
534.jpg,0
535.jpg,2
536.jpg,1
537.jpg,1
538.jpg,1
539.jpg,0
540.jpg,1
541.jpg,0
542.jpg,0
543.jpg,0
544.jpg,2
546.jpg,1
547.jpg,1
548.jpg,0
549.jpg,0
550.jpg,0
551.jpg,1
552.jpg,2
553.jpg,0
554.jpg,1
556.jpg,1
557.jpg,0
558.jpg,0
559.jpg,0
560.jpg,0
561.jpg,1
562.jpg,1
563.jpg,2
565.jpg,1
566.jpg,0
567.jpg,0
568.jpg,1
569.jpg,0
570.jpg,1
572.jpg,0
573.jpg,0
574.jpg,0
575.jpg,0
576.jpg,0
577.jpg,1
578.jpg,1
579.jpg,1
580.jpg,1
581.jpg,2
582.jpg,0
583.jpg,1
584.jpg,0
585.jpg,0
586.jpg,1
587.jpg,1
588.jpg,1
589.jpg,0
591.jpg,0
592.jpg,1
593.jpg,0
594.jpg,1
595.jpg,0
596.jpg,1
597.jpg,1
598.jpg,0
599.jpg,1
600.jpg,0
601.jpg,1
602.jpg,1
604.jpg,0
605.jpg,1
606.jpg,0
607.jpg,0
608.jpg,0
609.jpg,1
610.jpg,0
611.jpg,1
612.jpg,0
613.jpg,0
614.jpg,1
615.jpg,0
616.jpg,1
617.jpg,0
618.jpg,0
619.jpg,0
620.jpg,1
621.jpg,1
622.jpg,0
623.jpg,1
624.jpg,0
625.jpg,0
626.jpg,0
627.jpg,1
628.jpg,1
629.jpg,1
630.jpg,0
631.jpg,0
633.jpg,0
634.jpg,0
635.jpg,1
636.jpg,1
637.jpg,1
638.jpg,0
639.jpg,0
641.jpg,0
642.jpg,0
643.jpg,1
644.jpg,0
645.jpg,1
646.jpg,1
647.jpg,0
649.jpg,0
650.jpg,0
651.jpg,1
652.jpg,0
653.jpg,1
654.jpg,1
655.jpg,1
656.jpg,3
657.jpg,1
658.jpg,1
659.jpg,0
660.jpg,0
661.jpg,0
662.jpg,1
664.jpg,3
665.jpg,1
666.jpg,1
667.jpg,1
668.jpg,0
669.jpg,0
670.jpg,0
672.jpg,1
673.jpg,0
674.jpg,0
675.jpg,1
676.jpg,1
677.jpg,1
678.jpg,0
680.jpg,1
681.jpg,1
682.jpg,1
683.jpg,0
684.jpg,1
685.jpg,0
686.jpg,0
687.jpg,0
688.jpg,0
689.jpg,1
690.jpg,1
691.jpg,0
692.jpg,1
693.jpg,1
694.jpg,0
695.jpg,1
696.jpg,0
697.jpg,0
698.jpg,3
699.jpg,0
700.jpg,1
701.jpg,1
702.jpg,0
703.jpg,1
704.jpg,0
705.jpg,3
706.jpg,0
707.jpg,1
708.jpg,0
709.jpg,1
710.jpg,1
711.jpg,0
712.jpg,3
713.jpg,0
714.jpg,0
715.jpg,0
716.jpg,1
717.jpg,0
718.jpg,1
719.jpg,0
720.jpg,1
721.jpg,0
722.jpg,0
723.jpg,3
724.jpg,1
725.jpg,0
726.jpg,1
727.jpg,0
728.jpg,1
729.jpg,0
730.jpg,0
732.jpg,3
733.jpg,0
734.jpg,2
735.jpg,0
736.jpg,1
737.jpg,1
738.jpg,0
739.jpg,0
740.jpg,0
741.jpg,1
742.jpg,0
743.jpg,3
744.jpg,0
745.jpg,1
746.jpg,1
747.jpg,0
748.jpg,1
750.jpg,3
751.jpg,0
752.jpg,0
753.jpg,0
754.jpg,1
755.jpg,1
756.jpg,0
757.jpg,1
759.jpg,3
760.jpg,0
761.jpg,0
762.jpg,1
763.jpg,1
764.jpg,1
765.jpg,1
767.jpg,0
768.jpg,0
769.jpg,1
770.jpg,1
771.jpg,0
772.jpg,1
774.jpg,1
775.jpg,0
776.jpg,3
777.jpg,0
778.jpg,1
779.jpg,0
780.jpg,1
781.jpg,1
782.jpg,0
783.jpg,1
784.jpg,3
785.jpg,2
786.jpg,0
787.jpg,0
788.jpg,0
789.jpg,1
790.jpg,1
792.jpg,1
793.jpg,1
794.jpg,0
795.jpg,0
796.jpg,3
797.jpg,3
798.jpg,0
799.jpg,1
800.jpg,1
802.jpg,1
803.jpg,1
804.jpg,0
805.jpg,0
806.jpg,0
807.jpg,3
808.jpg,0
809.jpg,1
810.jpg,1
811.jpg,1
812.jpg,0
814.jpg,0
815.jpg,0
816.jpg,0
817.jpg,3
818.jpg,0
819.jpg,1
820.jpg,1
821.jpg,1
822.jpg,1
824.jpg,0
825.jpg,3
826.jpg,0
827.jpg,0
828.jpg,2
829.jpg,0
830.jpg,1
831.jpg,1
832.jpg,0
833.jpg,1
834.jpg,1
835.jpg,0
836.jpg,3
837.jpg,2
838.jpg,1
839.jpg,0
840.jpg,1
841.jpg,1
842.jpg,1
843.jpg,0
844.jpg,0
845.jpg,0
846.jpg,0
847.jpg,3
848.jpg,3
849.jpg,2
850.jpg,1
851.jpg,0
852.jpg,1
853.jpg,1
854.jpg,1
855.jpg,0
856.jpg,1
857.jpg,1
858.jpg,2
859.jpg,0
860.jpg,0
861.jpg,1
862.jpg,3
863.jpg,1
864.jpg,0
865.jpg,0
866.jpg,1
867.jpg,1
868.jpg,1
869.jpg,0
870.jpg,0
871.jpg,0
872.jpg,1
873.jpg,2
874.jpg,3
875.jpg,3
876.jpg,1
877.jpg,0
878.jpg,1
879.jpg,1
880.jpg,1
881.jpg,1
882.jpg,1
883.jpg,0
884.jpg,0
885.jpg,0
886.jpg,0
887.jpg,2
888.jpg,3
889.jpg,0
890.jpg,1
891.jpg,1
892.jpg,1
893.jpg,1
895.jpg,0
896.jpg,0
897.jpg,0
898.jpg,0
899.jpg,2
900.jpg,3
